id,username,first_name,last_name,email,created_at,updated_at
1,uname1,1 fake,1 name,uname1@local.host,2020-10-10 20:20:20.101010,2020-10-10 20:20:20.101010
2,uname2,2 fake,2 name,uname2@local.host,2020-10-10 20:20:20.101010,2020-10-10 20:20:20.101010
3,uname3,3 fake,3 name,uname3@local.host,2020-10-10 20:20:20.101010,2020-10-10 20:20:20.101010
4,uname4,4 fake,4 name,uname4@local.host,2020-10-10 20:20:20.101010,2020-10-10 20:20:20.101010
5,uname5,5 fake,5 name,uname5@local.host,2020-10-10 20:20:20.101010,2020-10-10 20:20:20.101010
6,uname6,6 fake,6 name,uname6@local.host,2020-10-10 20:20:20.101010,2020-10-10 20:20:20.101010
7,uname7,7 fake,7 name,uname7@local.host,2020-10-10 20:20:20.101010,2020-10-10 20:20:20.101010
8,uname8,8 fake,8 name,uname8@local.host,2020-10-10 20:20:20.101010,2020-10-10 20:20:20.101010
9,uname9,9 fake,9 name,uname9@local.host,2020-10-10 20:20:20.101010,2020-10-10 20:20:20.101010
10,uname10,10 fake,10 name,uname10@local.host,2020-10-10 20:20:20.101010,2020-10-10 20:20:20.101010
11,uname11,11 fake,11 name,uname11@local.host,2020-10-10 20:20:20.101010,2020-10-10 20:20:20.101010
12,uname12,12 fake,12 name,uname12@local.host,2020-10-10 20:20:20.101010,2020-10-10 20:20:20.101010
13,uname13,13 fake,13 name,uname13@local.host,2020-10-10 20:20:20.101010,2020-10-10 20:20:20.101010
14,uname14,14 fake,14 name,uname14@local.host,2020-10-10 20:20:20.101010,2020-10-10 20:20:20.101010
15,uname15,15 fake,15 name,uname15@local.host,2020-10-10 20:20:20.101010,2020-10-10 20:20:20.101010
16,uname16,16 fake,16 name,uname16@local.host,2020-10-10 20:20:20.101010,2020-10-10 20:20:20.101010
17,uname17,17 fake,17 name,uname17@local.host,2020-10-10 20:20:20.101010,2020-10-10 20:20:20.101010
18,uname18,18 fake,18 name,uname18@local.host,2020-10-10 20:20:20.101010,2020-10-10 20:20:20.101010
19,uname19,19 fake,19 name,uname19@local.host,2020-10-10 20:20:20.101010,2020-10-10 20:20:20.101010
20,uname20,20 fake,20 name,uname20@local.host,2020-10-10 20:20:20.101010,2020-10-10 20:20:20.101010
21,uname21,21 fake,21 name,uname21@local.host,2020-10-10 20:20:20.101010,2020-10-10 20:20:20.101010
22,uname22,22 fake,22 name,uname22@local.host,2020-10-10 20:20:20.101010,2020-10-10 20:20:20.101010
23,uname23,23 fake,23 name,uname23@local.host,2020-10-10 20:20:20.101010,2020-10-10 20:20:20.101010
24,uname24,24 fake,24 name,uname24@local.host,2020-10-10 20:20:20.101010,2020-10-10 20:20:20.101010
25,uname25,25 fake,25 name,uname25@local.host,2020-10-10 20:20:20.101010,2020-10-10 20:20:20.101010
26,uname26,26 fake,26 name,uname26@local.host,2020-10-10 20:20:20.101010,2020-10-10 20:20:20.101010
27,uname27,27 fake,27 name,uname27@local.host,2020-10-10 20:20:20.101010,2020-10-10 20:20:20.101010
28,uname28,28 fake,28 name,uname28@local.host,2020-10-10 20:20:20.101010,2020-10-10 20:20:20.101010
29,uname29,29 fake,29 name,uname29@local.host,2020-10-10 20:20:20.101010,2020-10-10 20:20:20.101010
30,uname30,30 fake,30 name,uname30@local.host,2020-10-10 20:20:20.101010,2020-10-10 20:20:20.101010
31,uname31,31 fake,31 name,uname31@local.host,2020-10-10 20:20:20.101010,2020-10-10 20:20:20.101010
32,uname32,32 fake,32 name,uname32@local.host,2020-10-10 20:20:20.101010,2020-10-10 20:20:20.101010
33,uname33,33 fake,33 name,uname33@local.host,2020-10-10 20:20:20.101010,2020-10-10 20:20:20.101010
34,uname34,34 fake,34 name,uname34@local.host,2020-10-10 20:20:20.101010,2020-10-10 20:20:20.101010
35,uname35,35 fake,35 name,uname35@local.host,2020-10-10 20:20:20.101010,2020-10-10 20:20:20.101010
36,uname36,36 fake,36 name,uname36@local.host,2020-10-10 20:20:20.101010,2020-10-10 20:20:20.101010
37,uname37,37 fake,37 name,uname37@local.host,2020-10-10 20:20:20.101010,2020-10-10 20:20:20.101010
38,uname38,38 fake,38 name,uname38@local.host,2020-10-10 20:20:20.101010,2020-10-10 20:20:20.101010
39,uname39,39 fake,39 name,uname39@local.host,2020-10-10 20:20:20.101010,2020-10-10 20:20:20.101010
40,uname40,40 fake,40 name,uname40@local.host,2020-10-10 20:20:20.101010,2020-10-10 20:20:20.101010
41,uname41,41 fake,41 name,uname41@local.host,2020-10-10 20:20:20.101010,2020-10-10 20:20:20.101010
42,uname42,42 fake,42 name,uname42@local.host,2020-10-10 20:20:20.101010,2020-10-10 20:20:20.101010
43,uname43,43 fake,43 name,uname43@local.host,2020-10-10 20:20:20.101010,2020-10-10 20:20:20.101010
44,uname44,44 fake,44 name,uname44@local.host,2020-10-10 20:20:20.101010,2020-10-10 20:20:20.101010
45,uname45,45 fake,45 name,uname45@local.host,2020-10-10 20:20:20.101010,2020-10-10 20:20:20.101010
46,uname46,46 fake,46 name,uname46@local.host,2020-10-10 20:20:20.101010,2020-10-10 20:20:20.101010
47,uname47,47 fake,47 name,uname47@local.host,2020-10-10 20:20:20.101010,2020-10-10 20:20:20.101010
48,uname48,48 fake,48 name,uname48@local.host,2020-10-10 20:20:20.101010,2020-10-10 20:20:20.101010
49,uname49,49 fake,49 name,uname49@local.host,2020-10-10 20:20:20.101010,2020-10-10 20:20:20.101010
50,uname50,50 fake,50 name,uname50@local.host,2020-10-10 20:20:20.101010,2020-10-10 20:20:20.101010
51,uname51,51 fake,51 name,uname51@local.host,2020-10-10 20:20:20.101010,2020-10-10 20:20:20.101010
52,uname52,52 fake,52 name,uname52@local.host,2020-10-10 20:20:20.101010,2020-10-10 20:20:20.101010
53,uname53,53 fake,53 name,uname53@local.host,2020-10-10 20:20:20.101010,2020-10-10 20:20:20.101010
54,uname54,54 fake,54 name,uname54@local.host,2020-10-10 20:20:20.101010,2020-10-10 20:20:20.101010
55,uname55,55 fake,55 name,uname55@local.host,2020-10-10 20:20:20.101010,2020-10-10 20:20:20.101010
56,uname56,56 fake,56 name,uname56@local.host,2020-10-10 20:20:20.101010,2020-10-10 20:20:20.101010
57,uname57,57 fake,57 name,uname57@local.host,2020-10-10 20:20:20.101010,2020-10-10 20:20:20.101010
58,uname58,58 fake,58 name,uname58@local.host,2020-10-10 20:20:20.101010,2020-10-10 20:20:20.101010
59,uname59,59 fake,59 name,uname59@local.host,2020-10-10 20:20:20.101010,2020-10-10 20:20:20.101010
60,uname60,60 fake,60 name,uname60@local.host,2020-10-10 20:20:20.101010,2020-10-10 20:20:20.101010
61,uname61,61 fake,61 name,uname61@local.host,2020-10-10 20:20:20.101010,2020-10-10 20:20:20.101010
62,uname62,62 fake,62 name,uname62@local.host,2020-10-10 20:20:20.101010,2020-10-10 20:20:20.101010
63,uname63,63 fake,63 name,uname63@local.host,2020-10-10 20:20:20.101010,2020-10-10 20:20:20.101010
64,uname64,64 fake,64 name,uname64@local.host,2020-10-10 20:20:20.101010,2020-10-10 20:20:20.101010
65,uname65,65 fake,65 name,uname65@local.host,2020-10-10 20:20:20.101010,2020-10-10 20:20:20.101010
66,uname66,66 fake,66 name,uname66@local.host,2020-10-10 20:20:20.101010,2020-10-10 20:20:20.101010
67,uname67,67 fake,67 name,uname67@local.host,2020-10-10 20:20:20.101010,2020-10-10 20:20:20.101010
68,uname68,68 fake,68 name,uname68@local.host,2020-10-10 20:20:20.101010,2020-10-10 20:20:20.101010
69,uname69,69 fake,69 name,uname69@local.host,2020-10-10 20:20:20.101010,2020-10-10 20:20:20.101010
70,uname70,70 fake,70 name,uname70@local.host,2020-10-10 20:20:20.101010,2020-10-10 20:20:20.101010
71,uname71,71 fake,71 name,uname71@local.host,2020-10-10 20:20:20.101010,2020-10-10 20:20:20.101010
72,uname72,72 fake,72 name,uname72@local.host,2020-10-10 20:20:20.101010,2020-10-10 20:20:20.101010
73,uname73,73 fake,73 name,uname73@local.host,2020-10-10 20:20:20.101010,2020-10-10 20:20:20.101010
74,uname74,74 fake,74 name,uname74@local.host,2020-10-10 20:20:20.101010,2020-10-10 20:20:20.101010
75,uname75,75 fake,75 name,uname75@local.host,2020-10-10 20:20:20.101010,2020-10-10 20:20:20.101010
76,uname76,76 fake,76 name,uname76@local.host,2020-10-10 20:20:20.101010,2020-10-10 20:20:20.101010
77,uname77,77 fake,77 name,uname77@local.host,2020-10-10 20:20:20.101010,2020-10-10 20:20:20.101010
78,uname78,78 fake,78 name,uname78@local.host,2020-10-10 20:20:20.101010,2020-10-10 20:20:20.101010
79,uname79,79 fake,79 name,uname79@local.host,2020-10-10 20:20:20.101010,2020-10-10 20:20:20.101010
80,uname80,80 fake,80 name,uname80@local.host,2020-10-10 20:20:20.101010,2020-10-10 20:20:20.101010
81,uname81,81 fake,81 name,uname81@local.host,2020-10-10 20:20:20.101010,2020-10-10 20:20:20.101010
82,uname82,82 fake,82 name,uname82@local.host,2020-10-10 20:20:20.101010,2020-10-10 20:20:20.101010
83,uname83,83 fake,83 name,uname83@local.host,2020-10-10 20:20:20.101010,2020-10-10 20:20:20.101010
84,uname84,84 fake,84 name,uname84@local.host,2020-10-10 20:20:20.101010,2020-10-10 20:20:20.101010
85,uname85,85 fake,85 name,uname85@local.host,2020-10-10 20:20:20.101010,2020-10-10 20:20:20.101010
86,uname86,86 fake,86 name,uname86@local.host,2020-10-10 20:20:20.101010,2020-10-10 20:20:20.101010
87,uname87,87 fake,87 name,uname87@local.host,2020-10-10 20:20:20.101010,2020-10-10 20:20:20.101010
88,uname88,88 fake,88 name,uname88@local.host,2020-10-10 20:20:20.101010,2020-10-10 20:20:20.101010
89,uname89,89 fake,89 name,uname89@local.host,2020-10-10 20:20:20.101010,2020-10-10 20:20:20.101010
90,uname90,90 fake,90 name,uname90@local.host,2020-10-10 20:20:20.101010,2020-10-10 20:20:20.101010
91,uname91,91 fake,91 name,uname91@local.host,2020-10-10 20:20:20.101010,2020-10-10 20:20:20.101010
92,uname92,92 fake,92 name,uname92@local.host,2020-10-10 20:20:20.101010,2020-10-10 20:20:20.101010
93,uname93,93 fake,93 name,uname93@local.host,2020-10-10 20:20:20.101010,2020-10-10 20:20:20.101010
94,uname94,94 fake,94 name,uname94@local.host,2020-10-10 20:20:20.101010,2020-10-10 20:20:20.101010
95,uname95,95 fake,95 name,uname95@local.host,2020-10-10 20:20:20.101010,2020-10-10 20:20:20.101010
96,uname96,96 fake,96 name,uname96@local.host,2020-10-10 20:20:20.101010,2020-10-10 20:20:20.101010
97,uname97,97 fake,97 name,uname97@local.host,2020-10-10 20:20:20.101010,2020-10-10 20:20:20.101010
98,uname98,98 fake,98 name,uname98@local.host,2020-10-10 20:20:20.101010,2020-10-10 20:20:20.101010
99,uname99,99 fake,99 name,uname99@local.host,2020-10-10 20:20:20.101010,2020-10-10 20:20:20.101010
100,uname100,100 fake,100 name,uname100@local.host,2020-10-10 20:20:20.101010,2020-10-10 20:20:20.101010